企業名,URL,結果,結果詳細
ALH株式会社,https://www.alhinc.jp/,！,キャプチャで保護されたページです。
Ascent Business Consulting,https://ascent-biz.com/,◯,
BUONO株式会社,https://buono-inc.jp/,×,回答内容に不備がありました。
Colorful株式会社,https://colorful-inc.jp/,◯,
CVCF株式会社,https://www.cvcf.co.jp/,◯,
cynapse株式会社,https://www.cynapse.xyz/,×,確認ボタンのクリックに失敗しました。
GROUND株式会社,https://groundinc.co.jp/,◯,
アクティブ・アイティ株式会社,https://active-it.co.jp/,◯,
アクレスコ株式会社,http://www.accresco.jp/,◯,
エクサ・システムプランニング株式会社,http://exainc.co.jp/,！,お問い合わせページが存在しません。
エヌアイシィ株式会社,http://nagatake.co.jp/nic/,◯,
エムエーハンドリング株式会社,https://www.mahandling.com/,◯,
コクー株式会社,https://cocoo.co.jp/,◯,
コムテック株式会社,https://www.ct-net.co.jp/,◯,
コラット株式会社,https://korat.co.jp/,◯,
ジェイシーテクノロジー株式会社,https://jctec.jp/,◯,
システムパック株式会社,https://www.system-pack.co.jp/,×,回答内容に不備がありました。
セントランス 株式会社,https://www.centrans.co.jp/,◯,
ソフトヒューベリオン株式会社,https://soft-hyperion.com/,◯,
テクバン株式会社,https://www.techvan.co.jp/,×,回答内容に不備がありました。
トーテックアメニティ株式会社,https://www.totec.jp/,◯,
パーソルテンプスタッフ株式会社,https://www.tempstaff.co.jp/,◯,
パーソルプロセス＆テクノロジー株式会社,https://www.persol-pt.co.jp/,◯,
ポートヘフナー株式会社,https://porthofner.co.jp/,◯,
ユニアデックス株式会社,https://www.uniadex.co.jp/,！,お問い合わせページが存在しません。
ルートリフ株式会社,https://rootriff.com/,◯,
ルネッサンスルパン株式会社,http://r-lupin.co.jp/,◯,
株式会社 NTTデータ,https://www.nttdata.com/jp/ja/,！,キャプチャで保護されたページです。
株式会社atelier-info,https://atl-info.co.jp/,◯,
株式会社Bties,https://bties.co.jp/,！,キャプチャで保護されたページです。
株式会社Crane＆I,https://crane-i.co.jp/,◯,
株式会社ECBOスクエア,http://www.ecbo-sq.com/,×,回答内容に不備がありました。
株式会社ESNA,https://www.esna.jp/,×,送信ボタンの特定に失敗しました。
株式会社FAN・DREAM,https://fan-dream.co.jp/,◯,
株式会社IT働楽研究所,https://www.dorakuken.co.jp/,◯,
株式会社KCS,https://kcs-net.co.jp/,！,お問い合わせページが存在しません。
株式会社LainZ,https://lainz.jp/,◯,
株式会社mirate,https://www.mirate.co.jp/,◯,
株式会社NEXCOシステムズ,https://www.nexco-sys.co.jp/,◯,
株式会社RISING,http://rising-ne.jp/,◯,
株式会社SHIFT,https://www.shiftinc.jp/,！,キャプチャで保護されたページです。
株式会社T2Agency,http://t2agency330.jp/,◯,
株式会社ＶＳＮ,https://www.modis-vsn.jp/,×,フォーム「必須お問い合わせ種別をご選択ください」の入力に失敗しました。
株式会社Vコレクタリア,http://www.correctaria.jp/correctaria/src/index.html,×,送信ボタンのクリックに失敗しました。
株式会社Win-G,https://www.wing-net.co.jp/,◯,
株式会社アート・システム,http://www.art-sys.co.jp/,×,回答内容に不備がありました。
株式会社アイメックス,https://www.eco-imex.co.jp/,◯,
株式会社アウトソーシングテクノロジー,https://www.ostechnology.co.jp/,×,回答内容に不備がありました。
株式会社アンピール,http://www.anpiel.com/,◯,
株式会社イーヴンPLUS,https://www.even.co.jp/,◯,
株式会社インテリジブル,https://intelligible.work/,◯,
株式会社ヴィトーリア,https://vitoria.co.jp/,◯,
株式会社ウィルオブ・ワーク,https://willof-work.co.jp/,！,利用規約が存在するため送信しませんでした。
株式会社エイ・エス・シー,http://www.asc-net.co.jp/,◯,
株式会社エスアイイー,https://sie.co.jp/,！,キャプチャで保護されたページです。
株式会社エッグ,https://www.sky-egg.jp/,！,お問い合わせページが存在しません。
株式会社キズナ・ジャパン,https://www.kizuna-jpn.co.jp/,！,キャプチャで保護されたページです。
株式会社グッドワークス,https://www.good-works.co.jp/,◯,
株式会社クリエアナブキ,https://www.crie.co.jp/,◯,
株式会社グローバル・システムズ,https://www.globalsystems.co.jp/,◯,
株式会社コスメディア,https://www.cosmedia.co.jp/,◯,
株式会社サーベイジシステム,https://www.survage.jp/,◯,
株式会社ジィック,http://www.kkgic.co.jp/,◯,
株式会社システムランニング,http://www.sysrun.co.jp/,！,お問い合わせページが存在しません。
株式会社スタッフサービス,https://www.022022.net/,×,送信ボタンの特定に失敗しました。
株式会社セイリング,https://www.sailing.ne.jp/,◯,
株式会社セラク,https://www.seraku.co.jp/,◯,
株式会社ソーシャルコミュニケーションズ,https://socialcom.co.jp/,◯,
株式会社ソフトセンター・コム,http://www.sccom.co.jp/,！,お問い合わせページが存在しません。
株式会社タスネット,https://www.tasnet.jp/,◯,
株式会社テクニカルアンサー,https://www.t-answer.jp/,◯,
株式会社テクノウォーカー,http://www.twalker.co.jp/,◯,
株式会社ネクステップ・ソリューションズ,https://www.nextep.jp/,◯,
株式会社ネクストワン,https://www.next-japan.co.jp/,！,お問い合わせページが存在しません。
株式会社ヒューメインシステム,http://www.humane-systems.co.jp/,◯,
株式会社フォー・ジェイ,http://www.four-j.com/,◯,
株式会社プリネッツ,http://www.prinetz.co.jp/,×,回答内容に不備がありました。
株式会社マンキャピタル,https://mancapi.com/,×,回答内容に不備がありました。
株式会社レグルカセ,https://www.reglecasse.co.jp/,◯,
株式会社豆蔵,https://www.mamezou.com/,×,回答内容に不備がありました。
東京ビルボード株式会社,http://www.tbcs.co.jp/,◯,
日本アンテナ株式会社,https://www.nippon-antenna.co.jp/ja/index.html,◯,
日本システム運用センター株式会社,https://www.nsu.co.jp/,！,お問い合わせページが存在しません。
方正株式会社,https://www.founder.co.jp/,×,送信ボタンの特定に失敗しました。
